{
    "train": {
        "mape": 0.0307841356916714,
        "r2": 0.9505780896899195
    },
    "test": {
        "mape": 0.05028067303802008,
        "r2": 0.8641980671650719
    }
}