{
    "train": {
        "mape": 0.02081912586854727,
        "r2": 0.9842053470090644
    },
    "test": {
        "mape": 0.0577441528574311,
        "r2": 0.8230282887831692
    }
}