{
    "train": {
        "mape": 0.0934859335112364,
        "r2": 0.7033913375790969
    },
    "test": {
        "mape": 0.09653765689336717,
        "r2": 0.6930088268372182
    }
}