{
    "train": {
        "mape": 0.08440017272947131,
        "r2": 0.6785408667869537
    },
    "test": {
        "mape": 0.0876794186070492,
        "r2": 0.6868975113465161
    }
}