{
    "train": {
        "mape": 0.0400847326150424,
        "r2": 0.9338118849354548
    },
    "test": {
        "mape": 0.06540277385846219,
        "r2": 0.7787999377794474
    }
}